{
    "AL": [[-87.048138713534, 32.752672386723674], 6],
    "AR": [[-92.80060726071615, 34.85911792533683], 6],
    "DE": [[-84.3880, 33.7490], 4.8],
    "FL": [[-82.46967900101014, 29.918808596261783], 6],
    "GA": [[-83.61491117447409, 33.18587501236726], 6],
    "KY": [[-84.3880, 33.7490], 4.8],
    "LA": [[-92.38621633967261, 31.4644733109196], 6],
    "MD": [[-75.62751092932203, 38.168431480662605], 6],
    "MS": [[-89.67786020291152, 32.533319001829355], 6],
    "NC": [[-79.98982424872995, 35.418474838855246], 6],
    "NJ": [[-84.3880, 33.7490], 4.8],
    "OK": [[-97.43931812081166, 35.78594804907519], 6],
    "SC": [[-80.77950030013908, 33.89809423455773], 6],
    "TN": [[-84.09830961197325, 35.48978594085894], 6],
    "TX": [[-95.22010835516924, 31.530900584738106], 6],
    "VA": [[-78.29180486088649, 37.46762804367786], 6]
}